id,retention
7001,0.670495623779277
1319,0.6019417607951437
8901,0.7051799479075372
9175,0.6750772379372437
350,0.7708585472048202
5494,0.6839530120663854
9376,0.7586037498333896
6883,0.7228331905978332
1514,0.5787013184124347
4196,0.669870278896131
6760,0.7812912812598158
8608,0.5129713348526984
2403,0.6556892741988607
507,0.7370157554842015
9868,0.6506226959982803
6863,0.7378938869050429
316,0.4765953471779243
8312,0.6665681199305316
9518,0.678565551048377
8210,0.7331866332683621
5603,0.6719397189116666
9139,0.6109514316835521
8867,0.7370016929765869
1470,0.6693369006515747
8702,0.6327216493689939
2674,0.5722533749696986
5564,0.7312445618936794
1428,0.8245236795006711
5572,0.662394347108614
6304,0.7766609041179527
197,0.8385310932535969
5833,0.5953533162346042
4320,0.7751907465375137
326,0.7859490372184122
8774,0.694800405561205
4093,0.7033941407806186
876,0.7932666609082388
7114,0.7204579628710047
399,0.7761716290941282
7496,0.7269418718193476
9789,0.7483675224879139
2011,0.796238197177483
2588,0.801469682992825
528,0.8379398330200587
9453,0.6815900981076076
8115,0.6306697133463892
2498,0.674212804447877
3297,0.7321210118918708
8370,0.7572104219127985
2453,0.8041874862352549
7597,0.6919928233657933
8264,0.7788059686194809
5393,0.6343058027444322
365,0.7171505290694489
4315,0.6994720100310037
5225,0.8030050028393011
711,0.7932517609480407
2110,0.4789927460723766
1868,0.5993677676574605
2397,0.8020190406277395
2490,0.8390718217394144
9837,0.3112921917561888
8701,0.7946047266633111
1071,0.8059087063881817
7919,0.7018744310240229
4293,0.7219660743156321
6523,0.7642594845959572
6213,0.7795429768864234
2298,0.3236172066566608
1813,0.79223006805231
9501,0.764275700825312
2701,0.6603134298703365
3705,0.7679577182690219
7817,0.7492556987180855
10077,0.7605803416385896
9370,0.7794776963931707
2069,0.6569719650794813
6730,0.8215572668669603
2442,0.7445875370900411
7059,0.7343945762320642
2257,0.7190737211950077
6482,0.6012144663969634
1112,0.7953994227618028
8983,0.6631843241300479
9429,0.31811336303838506
7628,0.7108705465094571
4833,0.27671301929002323
7877,0.8336477981353153
8338,0.31514235295982945
9929,0.7535217847074845
2034,0.6637781661105033
1086,0.5556476579454589
7873,0.6601265582289106
752,0.5655136600873465
449,0.6084466570630024
7105,0.5652363871250021
5128,0.4127730727500239
6141,0.29694966678658097
916,0.6287430264604433
4122,0.6435252678153417
7095,0.6414434833300113
5708,0.6344325193660015
9987,0.7418773245737348
8765,0.7578387924351985
3090,0.6777147978849936
6521,0.5945190351831273
8382,0.838866973155206
9411,0.8536444238769034
5765,0.7732189824195727
6444,0.7343739020378611
8639,0.5998751561765833
2162,0.6745090460685826
3382,0.6484387039353566
6799,0.7645029439033934
6203,0.6797008521282448
9504,0.29799769323290076
7890,0.5647313396753262
2949,0.810451998338154
3758,0.6967660702476138
2699,0.6528811296672722
9072,0.7835877335361928
2615,0.6237739810224906
1647,0.7407708478215836
2934,0.6737496834824338
9599,0.7140619098855869
409,0.6900100021318907
9756,0.6750399873219415
4919,0.8176200419884573
2598,0.47114236491904166
7755,0.6837574691569753
7663,0.5836730305026004
5590,0.8222582444627032
3251,0.7963749168787069
4169,0.8326013850041968
8332,0.602497056328872
2694,0.7836025358977349
3572,0.6400796385891426
8635,0.6455544055012774
3016,0.7605694593175122
482,0.5148539944690079
348,0.7821702097787971
4709,0.6492111552008802
3177,0.6338176797807314
877,0.6424189054802617
6173,0.7888406144036407
2645,0.6841770846430816
2527,0.6381172161961032
9240,0.6866862986138215
1199,0.8039409111289665
6371,0.6656447001856732
5124,0.6255141019200133
6499,0.6537851693378401
4477,0.6016288379244518
1386,0.7256794606821223
8070,0.7609706770122325
7437,0.7692221325947047
6684,0.6687892019582301
2009,0.6766270758019722
4255,0.7364744627641396
4484,0.838524965415773
4231,0.7566125372995002
6496,0.660124777155871
9884,0.7443812547694945
8809,0.6806214551996872
6486,0.6617390166990593
6988,0.792247811288623
6916,0.7002961022457548
4284,0.6303369340432122
5671,0.7298739167530388
4893,0.4725863429554744
7263,0.3109015421739049
9207,0.2919738771009022
8064,0.8006112577835726
10126,0.8061875018609154
4771,0.7206226316560578
4343,0.7639974618731801
5573,0.686678188350773
8693,0.630258913587015
6710,0.67010816258336
8823,0.6779128240532565
9701,0.6920123007957897
4335,0.8310691387647214
948,0.6395163079466193
5141,0.6047308663224604
2027,0.6808517609245701
7734,0.610221762205765
9471,0.7045145830688195
2565,0.6475348229174797
4311,0.7191263466035623
3716,0.7342998516896652
4773,0.8098782553661911
4867,0.45515163530999275
8505,0.6045158571484085
8642,0.641195923852711
5023,0.6061194270472114
2630,0.8206811622899358
3537,0.7773939648438346
3306,0.5295337467162388
4117,0.683741921244776
5736,0.7526631637180318
3175,0.7858069322155788
1143,0.6200876103891285
5254,0.6483702061252791
9851,0.6029619745216473
4045,0.7805962945952293
4174,0.7770189725505388
3105,0.6964050403597533
3877,0.799918481364592
8046,0.8271413228107436
1522,0.6999615025508433
4936,0.7178005084010785
2239,0.829152401362875
1011,0.7039196645567891
7055,0.5407657530576597
407,0.43027308399670156
2512,0.5761609783467581
3337,0.7014963461823024
9425,0.7365869064380366
9371,0.6275389205036217
1261,0.8660394154261798
4271,0.8115110294051432
3613,0.7573695304735062
8278,0.713154232246869
7795,0.8233101366000155
898,0.5734128220992364
6298,0.7608666072229772
8468,0.7660724119516962
8396,0.4311878770427084
2582,0.6732269197756423
8488,0.6998945466609608
2518,0.6718235797490396
82,0.7604604427939794
4053,0.6079937583225625
2214,0.6415217666694936
2716,0.38520155961866126
8155,0.5022354019191807
2952,0.5402854696847533
8262,0.5751234863651766
7813,0.8249446702773074
2291,0.3675244643097974
7481,0.6570503622016128
3649,0.2798108265622384
6139,0.6737047980613888
2502,0.7025276854892356
1788,0.8052475097251138
5015,0.7221460518604044
8593,0.5286837290026695
5099,0.8158113809242513
8316,0.5491984138996413
3130,0.7541075394353665
5784,0.7357939912239341
7009,0.6287054188498282
5624,0.5608022072086691
6622,0.7266605080015394
10045,0.6596773024258006
1918,0.5578462354477387
484,0.7802950599254763
3139,0.43746514835202194
7426,0.784794456942597
1253,0.691876232166648
4788,0.6588225554298179
336,0.6801162832088158
3111,0.7684131062335201
7584,0.7718600310950876
1500,0.7154509684122793
856,0.822915232644576
5106,0.7912388572137307
7385,0.7785573555083243
1440,0.7447517564310783
7744,0.6389803074244561
9967,0.6516084231666186
5883,0.8567810235036437
8347,0.6572470172765693
3588,0.8137235246599669
7431,0.269911762754671
4532,0.6965737911384258
6537,0.7087987269445107
8438,0.5318354858919593
3694,0.8081921648353564
4745,0.7589104713472109
7675,0.5808947232883909
1973,0.8076679399650407
2666,0.4578194034929785
7622,0.7241339789586511
4084,0.7275399788845398
9977,0.7747719554618061
358,0.8355683784313612
10093,0.7962370789807727
7015,0.32584356519864205
1958,0.6049923260060074
6671,0.7270730124099201
2870,0.642421019865589
4425,0.6545187760022794
6300,0.838538385022299
8861,0.5382925330034148
1636,0.6687020161380577
6322,0.7781275570492578
5811,0.7612107306895576
5876,0.6284186250543721
733,0.7141539003088256
9302,0.7617939512668164
2506,0.7517960403429843
3160,0.6538351300089243
8024,0.6645966370374503
3116,0.617783096141435
4403,0.7385350703044168
8188,0.5979368574790594
4055,0.8033559128563397
4538,0.7620796464853488
5820,0.710141641408276
2091,0.8126981526966722
7872,0.8233203175112532
6449,0.6514443831844992
6822,0.6902998883270168
661,0.2791848787942755
2783,0.7745164492268349
9099,0.7646354734617901
7534,0.8154178967177494
3818,0.5878960564904134
4433,0.700545441132436
666,0.6374185082393494
4337,0.2638107372011632
7904,0.5701038295053188
2581,0.7883757950002283
1101,0.6635693107680243
4292,0.4565925782697
4439,0.7361503734750944
5897,0.7944829164577568
3783,0.7044124647724471
1010,0.6772241476188746
7715,0.7164425930257924
4054,0.8402245278866812
4197,0.6086380864278921
8473,0.6514819761241698
9078,0.45822243697196013
9952,0.7938694955137838
4499,0.8044115825292719
6373,0.790652189087847
6509,0.652851630394579
1870,0.6246765679485882
3539,0.7096652822798935
2302,0.6118195608545066
3763,0.452680036180155
9229,0.8278380245719338
4443,0.5322915841961363
9695,0.8343521366393882
9297,0.6781039241352071
4842,0.6694597066739512
247,0.6786508092090425
2452,0.6416757754452137
5430,0.6460182238225802
1526,0.7947347255502719
9800,0.5491634127278954
6891,0.3748115493639645
8761,0.8216975663460877
6152,0.6387071633217293
6526,0.7059310483499495
7513,0.7106865710830196
4202,0.30588911747809694
7217,0.4016086848927724
1865,0.6450659897230664
9776,0.645822005499534
9547,0.7357306478078364
9951,0.42271848357331665
2473,0.7668994021548308
1237,0.5909857063125137
2193,0.7185757359453285
257,0.6686586323250735
1837,0.5892206006474179
4901,0.8609053142793517
3682,0.6280685621837395
5503,0.5794624891232489
4147,0.525296900316999
9893,0.650467128079625
8566,0.5285314662127695
1765,0.6905033137422345
5398,0.7221943907619511
4448,0.7073927854574534
7512,0.6956007698932138
7478,0.6668524960389827
8643,0.4870179900311468
1975,0.7111498504156258
6941,0.8365155377145442
8755,0.6065541038690558
706,0.6507510482593194
3800,0.6746838914182813
1561,0.7517394949022388
1887,0.6914299429820185
3510,0.7864665615291506
5207,0.662886584069745
5077,0.6274447351492243
9290,0.8131371020508921
2231,0.333182896270717
4252,0.6178900247260043
7495,0.5201064708450659
7180,0.725571409430979
3327,0.5435593434989191
6036,0.764933638984492
1869,0.8427733898590896
2839,0.6323947738030752
6816,0.6907706365475815
8571,0.573786720031806
3860,0.5077274450594
4407,0.7449141835833416
1138,0.5941720400306406
4831,0.6269532851392916
1090,0.5902416624429038
3559,0.2634663264783526
10083,0.6314285675549414
8948,0.6385648276828498
539,0.7515231460303177
944,0.6094306780105573
5831,0.649994653366217
4296,0.7949801780414818
5103,0.5354285796327996
4497,0.6947536660538093
766,0.5563046575158991
5529,0.7921243443861132
9601,0.7635268323717962
3391,0.7502114734963534
7408,0.3139651052371659
8274,0.6634629967020506
7450,0.7107116387645696
8160,0.773363736631464
4712,0.7783870331916974
5731,0.660076952136884
8295,0.730701363274989
2109,0.6929428998997526
4177,0.2665053832089362
2854,0.37810595358229104
3768,0.6296605535502241
173,0.7329782511653965
5952,0.4636747291535168
1706,0.6381147303613326
3770,0.5298523760684696
6159,0.8435283340756358
5286,0.7388361754461417
5803,0.6202501095099625
7231,0.554908969051291
3525,0.6837071621584424
7168,0.825622759830171
9244,0.7744673399967555
5138,0.8218605741397006
7736,0.6722942255038425
6911,0.8366481668575273
2824,0.7652093303239491
14,0.5818859779221267
6765,0.6619639631521723
9380,0.737358204341476
7951,0.6963175611540003
5888,0.6921711716664812
5190,0.648276090890955
4001,0.7678575831966783
9525,0.29648743226270563
4560,0.7438663459980163
565,0.6535501148873472
204,0.7815314907747081
838,0.709898324485648
5133,0.7005016403832555
873,0.7767755632590392
4540,0.25590548343423186
7921,0.2821210199249685
6423,0.86429615344325
5616,0.7524492882235222
1218,0.5688114260503282
2224,0.6556505890148552
2185,0.7544147531312585
9102,0.7371187893421944
9731,0.7978991597060698
7733,0.7491770378623462
5583,0.7493341755322963
3043,0.7200826539858612
7680,0.5486919200394235
1679,0.7565900430425193
7068,0.4420042531073562
8671,0.6553965639125596
8407,0.6924136838645252
2372,0.6585044411933436
5484,0.3881245410890645
1798,0.332073532556532
6518,0.7544578052333014
3842,0.6534633540037412
1163,0.6888837069579475
4329,0.5715771239978431
5068,0.7786047045742284
9892,0.6993072065547093
2501,0.7944777107081676
8214,0.6368776182200041
793,0.5944308817161508
4756,0.3318591646046805
9337,0.6190998074856652
9934,0.6085793868728144
4208,0.79199837922075
630,0.6864948161067831
583,0.7428853822687526
7983,0.5126800366644101
6356,0.6941720447163968
8865,0.7567087818609028
6342,0.7858794111454507
10053,0.7777705323008556
6055,0.7452498121887756
6807,0.6936602399738757
5091,0.5589046632778388
6869,0.4265244232689743
6785,0.6243727588193341
4643,0.7142361918658993
1005,0.800330074841964
5220,0.6673858993743423
8638,0.8457352316621193
10004,0.6709233937910876
4400,0.7380985212916245
3286,0.5471378999863487
2601,0.35911762478469855
6180,0.7287355479845209
1572,0.7516861163323343
8428,0.7870250860761759
6460,0.7367940092621469
3183,0.6342184378791199
5650,0.8332286886374444
3000,0.26167880427623796
4321,0.6044258653108644
9372,0.6338777040731212
6230,0.6178445327828065
5387,0.4968962634018905
6626,0.8310460315111805
9472,0.6049877915548277
2164,0.7980637189550529
2223,0.730334592429827
7100,0.4604446734553915
6425,0.813546793626307
2160,0.640538026012953
504,0.5685866600146965
4334,0.6844327736378335
8973,0.7118061458265422
3039,0.6416833219277582
9617,0.8004673982071612
5058,0.8190981635710672
6308,0.7046418406629674
5366,0.7511212323525117
9047,0.2307961347103218
5170,0.7418390712217935
1774,0.644791254401257
362,0.7786450168814597
8443,0.24396748031916662
3535,0.5353134372086755
6741,0.5883226041035027
8812,0.6929180958937943
9089,0.6450429234570322
4041,0.7785358806640391
867,0.6576144580237021
6960,0.7580782503191524
6448,0.7911920535164626
1552,0.5934076042300324
4188,0.31359839376705556
4924,0.7787804710244245
8625,0.6484448171357199
6420,0.6216224032094723
9467,0.6673188501411523
8854,0.7350112626880922
7304,0.7628087307063026
476,0.4703177618636822
6899,0.6074414414633944
2767,0.7497594334421395
9708,0.6368081085274916
5881,0.3277120033167789
2046,0.6428235013164202
7572,0.6870614388503808
2260,0.6080871625087046
8808,0.615221516312098
8452,0.587021445124935
6017,0.839150720477552
4727,0.6385781292392119
6650,0.646665316939031
3627,0.6679193209566249
3656,0.6500108523794293
5329,0.7408438810887029
2416,0.7464002162824679
8653,0.3531223594718713
9391,0.8151675539887345
639,0.7081773541874622
7678,0.7170587689570995
1189,0.5130162470319761
4740,0.7603001100441058
2370,0.6474080995924506
7531,0.5290489226728562
2802,0.814758738587094
2850,0.6885591783041445
5551,0.6909674350547005
6708,0.7070471278034521
9412,0.7862335142563022
5266,0.701974726973931
6154,0.6078915448396339
33,0.6324846216394339
201,0.7341253162076177
6261,0.6492434675566643
2662,0.6931620191796193
8034,0.5977548018545927
2368,0.5274810648220695
6815,0.7983504141810949
7014,0.8018402863096942
8665,0.6686032995326237
154,0.697602706199458
2378,0.6462097320789378
9104,0.7887639295615907
5556,0.5832541939613477
9983,0.7126749050384666
7297,0.6829801200180329
9899,0.5377600803448798
9272,0.653738888951892
5563,0.7016320750368994
1089,0.6013193862497496
8845,0.513640181646604
6126,0.23300687622030755
6339,0.6727621652496095
6992,0.839098351655602
210,0.7743092096852157
6812,0.6239039558711976
7023,0.8060015981311398
3598,0.7697228437967748
2406,0.7005464561320988
1432,0.6847960016142124
3999,0.4341681781535341
7901,0.8183908843941733
6795,0.6564468419591444
2171,0.5002620217219343
685,0.6012054928461188
5243,0.7206077018896938
636,0.7344789576751295
5505,0.7762289212394263
4775,0.6621637435958684
4145,0.7560908449356791
1525,0.6269693221592262
2463,0.5394214565864678
803,0.7793842234943726
3036,0.6417701017403182
3786,0.7260321255306229
4488,0.6632900996726567
2469,0.6562453567037538
4845,0.6847581388545693
6368,0.644631445799662
6464,0.6204299104921348
3432,0.6635581697704815
4243,0.7097109777232221
8573,0.8103898589239691
7582,0.8268836278686749
9114,0.4371578234543412
8013,0.7746069428566904
2323,0.41462563318902035
7844,0.690670600513092
2566,0.6824330231217828
5935,0.6771973728480324
6271,0.8662309342858306
1080,0.5625492195533041
9378,0.31533381623011403
4008,0.5768166518668423
7084,0.8136081807370176
4610,0.74319942859817
5554,0.5428244254661228
1318,0.6531899539052891
7148,0.824666951720174
5287,0.6184925667322129
9527,0.3627282508316217
2599,0.7862887701557452
4550,0.6218238358500493
8864,0.8154182321976998
6333,0.7516950251509261
1434,0.5921845611286364
4850,0.7941876712223724
1245,0.6380523816977658
386,0.8084268935949259
8866,0.5686060769168023
6963,0.6759405816201568
1267,0.7029819544230936
8926,0.7461345227155043
2720,0.6484157556124323
8655,0.6345688922142476
6662,0.6780338307442092
2605,0.8198702784951641
10029,0.6986616464314256
2846,0.622108013477269
7629,0.7553138162704677
2005,0.7765329092866479
6236,0.7613554717335568
6411,0.62073967663168
3143,0.6686700114986305
8773,0.7197216819964246
3231,0.796463827376719
7087,0.8070266281684181
5596,0.5313741866949674
1190,0.7094879577555447
7548,0.7507772993908315
801,0.66527024861516
9914,0.49572979284997104
7292,0.6611010282588908
7320,0.5098833748952833
1006,0.8051055632565687
4289,0.6016410714175106
8862,0.7582255981403194
6555,0.752374496349861
2032,0.7303726667583312
4088,0.7563000792831129
2986,0.5820150117190681
1457,0.44408749594464075
7232,0.68164713026483
2586,0.7180712901889522
1540,0.6643724576858591
7947,0.7221842530232406
7036,0.8155110374210128
9332,0.6896709139977855
1814,0.7750229838290759
5008,0.23839952885986757
9117,0.8016575892756386
4286,0.46108556383827787
4674,0.4291777962930577
2897,0.7065707035833478
279,0.6524993261603605
6734,0.7874560019202387
1847,0.3783139351901028
1606,0.6667184516712247
6651,0.7074059168036447
4885,0.6396837788461021
5376,0.6470382535494573
4935,0.7117839137721179
6135,0.6984873048859983
3020,0.2963364702675962
6897,0.5944934580477163
5667,0.7821296452780485
9615,0.8223041120723659
9950,0.6516084904383105
9948,0.6618511102288779
7340,0.739475448031408
7689,0.7531324938874154
595,0.7769300238619077
6100,0.26956049480628635
5000,0.819969445975513
186,0.7024651272976854
6836,0.7450349112436466
5477,0.6740102946410568
9185,0.8143942121823929
8929,0.7648557245644113
6321,0.814344300335625
1034,0.4969829746927565
894,0.7842091081987945
2120,0.651418508079742
5007,0.641743285905429
9752,0.4614833004430938
6399,0.4779157229364064
4376,0.6856180180583585
8213,0.624103055099131
4948,0.7179946008392678
4508,0.6220011067080029
9751,0.7017163075162154
1773,0.49646720480165074
160,0.6545538550911016
697,0.7970197744050216
5719,0.39226209587115907
9040,0.5951279146825879
4190,0.7695147770254485
4620,0.5976683249748135
6352,0.8464185706017627
8637,0.6132705556361524
8110,0.7760470439707866
9044,0.666013653244397
9831,0.8010968969706274
2823,0.6479524850969615
3610,0.5984091101607545
2222,0.7378715486454288
1864,0.49689243337257355
5510,0.24054146776693155
8317,0.7851854065616634
7480,0.5969635971103198
1015,0.8025411391944424
3343,0.6290781290215369
8063,0.35052793434079077
3814,0.5970386730991689
5816,0.7033602261781734
6196,0.8203404053450716
252,0.667263660796126
2723,0.683813997327054
2094,0.6094275819726066
1965,0.5809930536656495
5285,0.6472157854212871
8307,0.7441949957103459
6340,0.8216998539121635
7963,0.7002152455273519
5700,0.6575160073520121
5799,0.6818850183125319
7684,0.6767258350102914
2107,0.61644848116483
8326,0.8329520384279715
609,0.8040959107765303
1716,0.7857602770424125
5592,0.8179013231207198
5239,0.7138306424239457
5576,0.6730840142258813
3316,0.6642502837501869
180,0.6849654114592884
6009,0.8085419367972442
3365,0.6941888409403006
2558,0.7508276590491382
5746,0.7532561503683195
3832,0.44596861203646454
9567,0.2975259609145811
5737,0.7023762612656498
5955,0.6640847269277367
111,0.7963297519664545
95,0.46764281201095015
277,0.6016509541536731
4574,0.7777449834547717
1769,0.6909901097888188
7829,0.8107047027532928
3338,0.5142580140340939
4436,0.6733202281600817
228,0.6804260109295228
1358,0.820723458787283
7227,0.6985279544713258
7671,0.6949958364807308
6069,0.790281842737587
9228,0.38905023440099423
7999,0.6820050186620169
678,0.7141219236350073
3856,0.8290769082248114
7931,0.6710440598752063
4660,0.7771501529225713
8258,0.3147533046080187
1210,0.5210627995459536
8840,0.5208652665638217
473,0.556197949706427
3420,0.2829803295899595
9957,0.7949632380915249
2369,0.5940221368631508
8038,0.783071057440083
3978,0.8138926822319018
3272,0.5241323696028136
5687,0.6572998375031517
1311,0.5162152676704941
3816,0.6520925121886844
2816,0.644422167938752
3299,0.5532421431406077
3608,0.8518603671368233
7246,0.5025227953796906
2503,0.5581103724335535
352,0.35152744903669353
9366,0.647343063299919
1983,0.812304734535747
9083,0.721716272404891
9007,0.7012886491565723
9653,0.6201378865344749
2399,0.8358939671862525
2401,0.6536734048588478
2143,0.7247091665299514
489,0.7947061015936651
4689,0.5830481169607249
2882,0.3190620822097252
3709,0.7409213571920831
7672,0.6105951233630448
9908,0.5864055924130462
1542,0.738675768005296
344,0.7031829951272113
9255,0.5413284636332681
2038,0.532351237625547
8722,0.6991483225573839
2842,0.4568112707294925
3833,0.6025507176115074
9641,0.6820498000084991
9135,0.7554477664412165
6562,0.8272811000704382
9443,0.8241070540711668
2216,0.5709797327444779
4278,0.30861061814909174
9545,0.5589392565764353
5858,0.8227061057129691
8383,0.6556891857506816
3167,0.7616357493823727
500,0.729455493652961
2562,0.29993596525320415
6195,0.7222271149990513
7451,0.7808786402772503
9112,0.7475052383278921
8095,0.6285649835883268
9924,0.6680424546819143
633,0.6234638448554705
1827,0.7546833327381691
8582,0.6921153615405212
3464,0.5759534666053849
2776,0.6547963302021932
1366,0.778682539409047
7477,0.688471215191285
2072,0.6136384518396979
2456,0.7209276894585975
1707,0.7840945061578443
7247,0.7941814222400593
8125,0.700700320351428
5078,0.7251178584583234
9672,0.5379823206832463
2514,0.34869867298845986
9889,0.7131955427956281
5418,0.3904308780895119
1329,0.6503504312036285
545,0.6459151860335214
9846,0.628372715865526
1052,0.8451643751515343
6125,0.6582622911685068
2711,0.7264157631292919
8986,0.7184254031863433
357,0.8024423242223739
5219,0.7076990299821042
5065,0.7181455583468429
4405,0.6768696988146677
4474,0.772950451415589
5182,0.6588173906437595
5545,0.7176418610979556
7839,0.6770442889458873
2775,0.5314258318771574
7743,0.6411274380519817
79,0.7421728673463854
3977,0.563817298079114
2137,0.8456751505367484
3754,0.5574587435906223
8942,0.7366183292122676
4523,0.48116007764354035
4962,0.43826715749757117
466,0.5381811048814668
8253,0.6601299238303185
3633,0.3937520049031445
8885,0.36933740369214996
467,0.8684994097018587
9233,0.595149071327435
797,0.6056065455452334
1478,0.8165759951204619
8153,0.647587584714672
6789,0.6867997762340382
7674,0.394768753852381
1198,0.6502885530122421
5485,0.6382312687777897
4300,0.6504662867959484
5147,0.40915039023422994
8028,0.6277469844268485
8484,0.6293737661250516
2650,0.775444079209089
9216,0.40853188338054425
1527,0.6415637596675549
6218,0.8344274672863902
9338,0.729207212496461
6245,0.7148759337302403
4489,0.8241289496316847
5373,0.66017583610798
3621,0.8355722056700756
1424,0.7273130678926103
3280,0.703497656409591
2467,0.6681669944801434
9573,0.6670674024437927
5547,0.7800188943008365
1982,0.6971500577302656
229,0.5591921331228934
7062,0.799778494806322
671,0.7713484837012157
4677,0.4167458635503872
6143,0.6187556616896122
3735,0.6997697519708636
1904,0.7185187166070195
3470,0.7238499184688741
2546,0.7162051175096059
6181,0.7678348087076827
7910,0.634167264636618
4302,0.6436310946275351
7376,0.6589960645961067
5679,0.8151218610690107
1043,0.641792292554911
3245,0.8294462640242072
3252,0.659165429714491
2929,0.6362194159778655
5891,0.7657343023251838
9612,0.6036880824521611
5621,0.8208520861078293
5187,0.7055475183618015
5123,0.824139657602136
5978,0.7853475051599029
8033,0.7410412732868502
2188,0.6410347276375795
2916,0.6656739073711238
1602,0.7857964235136118
5111,0.5005880843257388
6438,0.7289620100627757
42,0.8386941976492794
7449,0.7743347996003314
8950,0.6830337540277701
5277,0.7818009894074218
8602,0.7880535999370982
35,0.6664959886801768
5974,0.6284861689740967
6597,0.3905772789717181
3976,0.6435706467800963
5905,0.40981945020382743
3015,0.7007874667866617
5397,0.6656413675491663
1517,0.6175245809902637
2764,0.6861090418184329
9585,0.8139141261856029
2909,0.7434328011872947
1221,0.6482747868053755
530,0.6837368578118547
5116,0.6547733824852459
4774,0.6170738701193453
7318,0.7367371963572041
6462,0.6109790207750266
6380,0.7129599362296218
6332,0.6605117839325403
7110,0.8300156303206281
9600,0.5712554888781106
7986,0.6709302028274203
3972,0.4827200385070924
6107,0.8383324245443493
2142,0.8150029789616817
1159,0.4966750653600294
5454,0.7844772309923626
1243,0.7846647750169823
8677,0.7421836393294713
2113,0.7793763897946544
6284,0.6350620753336357
5221,0.5695740171369653
5296,0.7729439008769052
3695,0.39784935025370904
8394,0.7861208629635846
7558,0.5548516811961858
9853,0.6267563785319398
3817,0.5520368555439567
9955,0.7682284935240585
2592,0.5954807493079092
6922,0.5151207558148544
5709,0.7204275470594445
8741,0.3306617956581894
5474,0.7704512785696814
4633,0.4968490161967714
4487,0.5125057170830488
1481,0.7221331290968415
4340,0.3855555471318841
8756,0.644122520182922
4764,0.7735177723290327
3467,0.7426423244474325
6737,0.5890452093072067
9888,0.8149235482791525
1062,0.6125024319175859
4351,0.7113645284634318
6680,0.6366666731727868
9844,0.6668106061213609
3328,0.45825794096292355
1496,0.6041996165103415
9555,0.6788549916212133
8171,0.7105663435381943
371,0.8109308625392463
1669,0.6902544003842905
1506,0.6160968813930169
8511,0.5380834088150858
3755,0.6668080204132267
1326,0.6370359357319874
1684,0.6720227004717755
5707,0.6431382312579851
4927,0.5817189910257246
4341,0.40818879317320717
9012,0.6428791088965901
1920,0.37240056727024845
3332,0.7736225390787631
8688,0.7888621177747778
7831,0.6892136387801227
5351,0.7780152204810404
857,0.5265691459906788
7638,0.8016373510448639
9812,0.652227501894814
4573,0.38598950750591837
2081,0.7423076991297867
1251,0.6601281348314909
7604,0.7926201753949466
7161,0.6520996793409938
9091,0.8184990780500462
8780,0.7955133878885065
3400,0.3154494664480006
7889,0.3112015314731063
5548,0.6760298209174657
8709,0.6900593086744089
9270,0.7265366973800561
870,0.81536844788329
5511,0.7759324183618617
943,0.6211060749578483
1294,0.6243253666029733
9006,0.6204807776743885
393,0.3243184542209583
7594,0.7212939055238833
822,0.6167299053410275
798,0.7823491374799497
3202,0.7686918906606839
1546,0.4471598036165511
2471,0.6522843272981188
5762,0.6108264304933407
5895,0.7950227163584209
3290,0.3776662412826132
2622,0.5593572900063002
6748,0.5414026592530331
574,0.7469965014192415
732,0.7397188571168325
5380,0.6555970609371718
6944,0.5310826094590894
2903,0.6853262447096479
1596,0.5618578088559464
8462,0.8038919274369536
6389,0.7520569202594389
11,0.7576052110214581
9458,0.7241710253254038
6384,0.290553001089918
2539,0.7070193881793677
2115,0.7040086499062445
2712,0.7101632560070784
9859,0.6816445961542882
7088,0.6840435878581062
1567,0.8386246593867509
6238,0.29938337425072675
2367,0.6830619551533061
114,0.6423583209931333
6336,0.6731895662094173
269,0.7883803426769264
3899,0.7145278155622449
5774,0.7376794578778045
5181,0.6700040954577485
3620,0.7780237222729766
9388,0.7923088501111385
8550,0.6922299641848463
5357,0.6732058884276385
7377,0.7914600657660337
8097,0.7339254772150365
67,0.6215753912470482
1139,0.6834018942506245
3867,0.7673441865077947
5937,0.613644086138118
6773,0.26271579289758334
5270,0.40653480878513015
3225,0.6953860058984079
5446,0.6294170687840023
3395,0.8508781147518394
4060,0.7901916306001193
3176,0.7001903579799919
8435,0.47988638817682255
7843,0.6485497835678088
8144,0.6814062563622119
1846,0.765477334758537
1966,0.8293834019714795
7397,0.7175455371709244
8424,0.634808610404833
1495,0.7373574517983016
4563,0.6219346534905358
9902,0.3075426160514802
3948,0.7063472784184386
3304,0.7712138553011233
6954,0.7968212236273873
8995,0.8132323719235638
4934,0.7755374471186275
245,0.6603421240332078
518,0.7559446834887651
3975,0.6826795780658824
1977,0.6148948654087308
7260,0.8128654479895006
5523,0.6208218402162773
7722,0.513882889583274
7765,0.8161506153253576
5252,0.6944858971564208
7682,0.6521191332652921
9785,0.7612452869961329
6194,0.5452293866373283
9261,0.8047924288816198
7656,0.7975866698035142
3071,0.750348302049078
2852,0.4565843455684943
2148,0.7108222738586288
4653,0.7682994402195246
677,0.6141597624172306
2885,0.7060198730292598
5823,0.610183257649742
4591,0.7014689800577901
5302,0.5896635271896032
3697,0.7688482117450784
811,0.6286759288131498
8238,0.7232320813112728
6804,0.605849776209713
3446,0.5929661608825408
9359,0.7038587566410078
703,0.8054505564720481
3862,0.48604543044315623
3752,0.5000776830903816
3958,0.7605425894079706
9274,0.8276185571422089
2102,0.41399517900684657
5874,0.5864572351508489
4277,0.6904085388048883
6145,0.7380540773319234
501,0.6354632169499381
9750,0.8222781945503863
7960,0.6815942708980338
5409,0.5928401932970028
4162,0.6112155929263281
2129,0.5215216371621963
10052,0.670424407468489
571,0.47725585509973295
8358,0.6288591976383932
3761,0.6687938733378092
885,0.6895542789214627
7034,0.6713997638220742
9686,0.642340116315798
8322,0.6128969891531221
7757,0.3077411581209468
8696,0.7007173000067293
1665,0.6617488226190267
9992,0.7790502552214872
8843,0.644369162208044
4071,0.8318049001274725
6311,0.7996973998740918
9777,0.719694117350155
5080,0.5377371806193514
6391,0.7645836366821829
7447,0.6392464640024753
5018,0.7087126951607031
8967,0.6642152150304238
7010,0.6042590798590136
8035,0.8289601950249108
3223,0.7356202776329432
4396,0.7806740932662399
9038,0.5913619343409389
4469,0.6341874789400458
4261,0.6846207997447058
2876,0.793183322104877
6887,0.7791189704395444
4817,0.624044486676617
9634,0.7311271303592187
6366,0.6528817330654706
4654,0.667413561708125
1172,0.41381689121005033
7600,0.6054018377586904
2631,0.7801297172554674
670,0.6961047147862125
446,0.7452332495506858
8187,0.678605824529314
9696,0.728124380555474
4855,0.664384209748813
7732,0.7263505556055271
1839,0.4275398661899545
94,0.707087631507949
4322,0.6864031788971167
483,0.5591668559058234
8074,0.7114088421141568
2478,0.8219673778615522
9644,0.47151053971565937
2276,0.6674980191439709
3630,0.631857001894976
3169,0.5699521191155049
3224,0.6153514032650446
3813,0.8014246678623526
5218,0.3842858074862261
8244,0.6502375762899001
9569,0.8302214814801112
4603,0.5521400989971875
5727,0.2783640524274482
6020,0.5556310406440876
1305,0.7513917345470972
5478,0.7851858239672446
7494,0.5876063046523191
5798,0.7329755482819283
9170,0.6016144044282745
5964,0.7003835917194059
5812,0.5173521710086518
9127,0.7016901507601233
10048,0.6179923290330921
8208,0.758956776451539
5236,0.6245980604317953
8887,0.5798739354920367
7685,0.8127358426123421
1991,0.756019332272914
1479,0.7847274407721985
940,0.7777585329190776
2016,0.7931872226916091
9564,0.627972007346069
9824,0.7654474249210307
445,0.686799272834862
7485,0.730404983197729
2303,0.7540841567074819
2604,0.5579614463513404
3625,0.6206470221287127
9434,0.8292363286577359
3914,0.7838985774903792
9697,0.6359866276521376
6375,0.7229263547544523
4718,0.6464875641010505
3310,0.697609679888686
1013,0.5010234675460823
4230,0.706325299302842
3208,0.6149846025565686
6770,0.693560789764048
1806,0.7935363164231822
2166,0.7346859196736698
9746,0.6205015194958355
6801,0.6350391299532313
6132,0.5979409595381343
6345,0.8311673693734075
10073,0.7630351638870186
5274,0.7316070896063499
7878,0.8183380035179636
9236,0.7902551073781697
9246,0.6392233872705058
8340,0.8723259512574466
4943,0.7786630405016549
3943,0.6001565356607719
4688,0.25829015076335304
3325,0.7301016240443999
8405,0.6617535554176113
2458,0.7428043499591653
7636,0.770313627197686
2170,0.7336118827765028
5541,0.428937278044629
3253,0.7436423372968571
8819,0.4481103055243521
7553,0.752991594513626
2179,0.603222279819398
6307,0.6030488524397296
860,0.5074609472973933
7115,0.8507027769182742
5230,0.7818089962527738
5939,0.5423658141909288
301,0.6825154628082496
3023,0.6016894155254437
4033,0.7397739201632173
4029,0.5820547613354207
2792,0.6863260695845588
4994,0.7096137427124395
4391,0.5304587591753268
9218,0.6802438848429259
146,0.6900009273563256
4392,0.6956601675071467
1023,0.661929580628614
3069,0.727855079420753
9303,0.6871631581030386
2479,0.7298598235841971
342,0.6181336772742041
7117,0.5918895423172076
8525,0.763912866530012
3233,0.34184378467853554
8135,0.7127447705718742
6077,0.7745882508851207
1539,0.8159010271518382
4336,0.24124101275823415
3927,0.47108448333213543
4970,0.8086839544054891
375,0.6240633996591758
3186,0.7360428539090926
5194,0.8095108218675993
4776,0.3928929700062529
7409,0.789686100170961
4290,0.45461487936584316
7076,0.5989475249643098
3540,0.6377902332429527
7276,0.8518497394488037
6768,0.6243845253123267
7070,0.746933307168415
7619,0.6270589540333155
757,0.796276232115979
854,0.8052305009449382
7516,0.6901154645575973
8656,0.5748826787699772
8691,0.7818673184833135
3730,0.6402565507692631
4998,0.536238873006918
8694,0.4746892056604512
4544,0.6312621864391258
5751,0.34488458663710925
6162,0.7353156689506234
5195,0.6162403092981328
5337,0.679138702701587
4662,0.6393183865364734
9969,0.8300569965272828
2168,0.6474549005326949
7139,0.7180483602553567
6314,0.47728639608490475
963,0.8085462641510821
129,0.687295050247938
468,0.8223095484194788
8231,0.5158059897637842
8908,0.6996460285035738
4025,0.8008941967761015
7026,0.716715107729759
2366,0.6109150383181089
1777,0.6699521715952678
9149,0.7239607802066951
6168,0.7287606787406881
9221,0.6078770892878805
6392,0.7260712419492731
8697,0.787056236082878
6378,0.5933633592641102
7172,0.7129789007662719
3045,0.6209632910432895
7134,0.8180038357919059
5048,0.7888714211354623
8118,0.4202249749399865
6828,0.7931531263692294
7498,0.6671161848742084
7491,0.69259483820905
8878,0.6638365954967489
6974,0.8016992161808165
4986,0.8242918645414078
6763,0.5495274346119478
2144,0.7172060447691201
3917,0.8215743673698427
7136,0.7963776414069943
840,0.7138994259286342
7761,0.7135849081510659
6113,0.7339493017043841
9300,0.7399978768389945
8710,0.7666576620307851
3349,0.6363730530574944
6865,0.595273698437308
7268,0.7485007789821075
6893,0.6656653868161415
5060,0.7845359088713781
4932,0.5833586771778675
7603,0.5771013208458461
9009,0.8030730529540753
8502,0.6507578219563516
8886,0.7241111288794047
9918,0.6113083651587831
9618,0.6199443532577824
5335,0.6257354808109327
8377,0.7234478071675418
8797,0.6554902179165706
6751,0.7123608329915342
4450,0.6825980434264517
1085,0.728972188158178
2457,0.7946798185920096
9027,0.4851764597559906
3192,0.7119397219839244
4858,0.7093350759803917
55,0.7807420423043308
5379,0.41046275019200856
3450,0.6673361450726608
2220,0.7462714124090187
6668,0.6225780413194083
9186,0.6650900533942999
3515,0.7693306294714296
6692,0.6218038905153066
5607,0.6625769875907063
5331,0.7541400727245234
8618,0.42966704759597724
1537,0.7034480069395861
5984,0.7957763469091804
4611,0.5539097160423458
4249,0.720762517517842
6740,0.7782843479981952
3309,0.7138707284284272
3065,0.6780146623083602
1550,0.8059779230143148
262,0.8253411862850891
7515,0.7020718540266877
2071,0.43535233369201026
8092,0.8128866847494494
5877,0.600445277991241
6627,0.661961821489338
8286,0.6114393259966734
9972,0.7651233151746691
8486,0.6242338275590754
2736,0.7328010387118365
3264,0.5945775691211632
7695,0.6984814269916293
8935,0.68669994496376
511,0.8204284193069414
7539,0.6602155926324672
3638,0.3601233766594345
8987,0.5728505597975073
9016,0.3447191832760632
7537,0.7698056552983602
4458,0.8114424421944451
5467,0.2732911348238384
7042,0.7646970665809351
4020,0.5733292891202894
8852,0.7637576967828189
8122,0.628767987489963
9039,0.7382788766018452
2434,0.7749613097188762
2519,0.4984116515640668
1930,0.44410516207385137
9606,0.692033518485805
2649,0.7955980324897839
4649,0.5415321617229711
8205,0.5926553425422671
2273,0.6082839266476854
310,0.5856072333754664
7776,0.6951169141833305
2464,0.6609878926421417
1317,0.6582890917943431
1620,0.7274414541628937
46,0.7307676530491589
6259,0.8295828674598086
7242,0.7715702150250946
3771,0.7335520153732302
6266,0.7880302614056837
3463,0.7617964037757368
4950,0.6309718934188909
5196,0.5335205392352093
10066,0.612866087462686
6648,0.626717539439973
1019,0.6779115068937265
4864,0.5406082662376238
7507,0.7940279782175875
6786,0.6758278460499086
2579,0.6763147617228901
6493,0.6299934460545441
5053,0.5272509617429777
4206,0.5040463196916224
5514,0.6365021829581873
9172,0.838255792008372
5957,0.7474737738865498
3829,0.8028280574472522
221,0.790203112029051
2314,0.8033684371202497
1758,0.533740298156454
5766,0.6426346728770685
5980,0.6329271269657929
7609,0.7146457733205699
728,0.7822323825477017
7774,0.6510991898246644
5909,0.72586854372717
5490,0.7475705874335962
8724,0.8466020866776426
198,0.7329888906311828
7858,0.5197257505446887
1348,0.8380655586865098
5088,0.7449008060509973
2510,0.3254383122139145
6564,0.27206740705617727
5014,0.7998592857020196
7048,0.6452352038052681
2957,0.7521567336359155
3029,0.8069921837016022
2065,0.29160781691887655
2974,0.6424432800956325
1871,0.2372653638092829
3190,0.7998006377256037
9882,0.6514462828580821
4954,0.6106316535277362
318,0.6875087877684942
3364,0.5239964322834709
6546,0.5139928730967606
7801,0.7194525575945646
4481,0.6232253688439067
1178,0.7681347447142759
6200,0.2649666250595901
6752,0.4425726189877846
2961,0.5623328044834904
7804,0.5819458172743773
9827,0.669438305949353
3163,0.6189415821084429
4996,0.6570919871803792
2735,0.8160225042111158
86,0.7521900752660559
3136,0.6713221053092816
8223,0.7310621236915241
2329,0.7449366955723485
5072,0.8175199896217752
3480,0.3124941571488506
9247,0.6500872273384367
4713,0.6859378872423956
5232,0.7961989143921242
2814,0.6342091854174665
6841,0.6777782681607927
673,0.593384232018709
3601,0.7250664363178908
5619,0.7574045302850246
2695,0.8218080084229124
1763,0.6280683954884471
3366,0.7295420907162975
2549,0.7714672013255045
596,0.648981647305106
7729,0.5029427592745653
3520,0.8323212547023453
1472,0.7978114986983337
1370,0.7627005513432686
9069,0.743297447572138
5355,0.7770264922539346
8675,0.6561015544035833
9943,0.6641877173630878
200,0.6925393288184035
6624,0.8112703033769532
1644,0.6173554010282325
1098,0.5896856277034684
4844,0.7016653973009553
8091,0.41942902186400827
8103,0.6779285282175503
10102,0.7382470753452616
808,0.8379466734357638
2955,0.5357316418325385
9875,0.49263906892122505
5686,0.6624101522014252
4979,0.6512815337423824
10041,0.7732198399163576
8401,0.40503958331542117
4680,0.8127479956090188
3080,0.8236046066539945
8247,0.7346538033953761
4843,0.6702727118352279
216,0.6172677880728609
6334,0.7603113073636837
3871,0.7152912556705989
615,0.6563754706664229
5136,0.8411091855765397
2447,0.4998693504937908
9704,0.6086759734417914
4972,0.8329116437760175
5764,0.681047034879478
3799,0.7596401508003385
8337,0.6268331645988473
9234,0.8039112053887805
7799,0.6938179514174512
5224,0.4598902380778944
3582,0.5948869119296837
2705,0.6924228577195147
9989,0.6388024654162923
9735,0.6466852913844667
9574,0.7359643900014113
9749,0.7302779871681881
9289,0.7496277175636893
9930,0.6460277702148663
163,0.6770083139859359
7737,0.6669081503162446
5374,0.6072348431917737
3156,0.8424321334817333
2634,0.7129796125091787
8237,0.7384495433295782
8271,0.7233136242939743
3702,0.5792322322653002
4424,0.6490942439473946
5431,0.6293562849499266
550,0.8672050639904092
965,0.6766227307190138
2809,0.7690879935088023
6530,0.7923408761476818
5283,0.6276475601718551
6381,0.799522717203204
443,0.7816602137397141
4720,0.6710579573781331
10115,0.5783255832297773
8687,0.6684050145011192
5177,0.708473648096953
2337,0.6494388245522194
164,0.7412234148805233
7653,0.4651651353934047
5850,0.8208847074148009
9491,0.8092679550285632
2925,0.6732452257331752
3988,0.6305622115052695
7718,0.4804502601180425
332,0.6578713179781213
2078,0.8143592978708886
7654,0.6538221565475276
7868,0.6830622271346048
880,0.7955066571039264
8553,0.7157088064127383
759,0.655083399077764
9030,0.6494527178682258
3895,0.6728715116721262
9433,0.6928049182609751
1491,0.7089402320267003
5338,0.8014161924492139
3008,0.6567631374329699
7331,0.5071974974368885
4059,0.6629755709496883
3352,0.2637145272909062
7593,0.624971477350797
6246,0.6777950587351392
8109,0.7921892734368514
3667,0.742833051596763
1702,0.5324422320829327
6832,0.8058898623156382
10107,0.6780655683208866
3693,0.6331630805870168
627,0.6561087525611237
513,0.6427507022575405
8619,0.7263378780337021
7764,0.6217653361349789
9192,0.373290340823373
812,0.6809819678252723
2727,0.6865178885768769
6079,0.8303539570480769
7202,0.6418302809488434
8391,0.5163337414732
4580,0.4867684942354777
9921,0.8189929991824761
1074,0.6492602425358945
971,0.5872428871033105
557,0.5980086483701056
5673,0.8346515124111548
9160,0.28855457530674816
8746,0.683786559362746
5110,0.8064757440218879
9191,0.6531448918727402
834,0.7021192180240056
4786,0.7253559469016544
298,0.6659649272461777
7566,0.4488290564080227
2285,0.7683510325627588
9071,0.5100075467490194
1604,0.6393776424340037
8190,0.3586208455597742
8883,0.6536602884871429
7911,0.6603393404726997
7876,0.7594677455800901
9953,0.8515085460670377
2917,0.5335020351811485
5291,0.8052570041100008
5109,0.6757497395659889
3769,0.5154034585931585
8211,0.4354760220035825
4770,0.8419447987361043
3207,0.49065883599362503
2637,0.7876373742767818
1262,0.7467634543084437
1258,0.606487255763614
4819,0.7545101231269573
8256,0.7935653347524743
5326,0.7328173748461756
6064,0.6270793913648599
4262,0.7078508285536426
5203,0.7099933087100676
7182,0.7208346747766371
5581,0.6329679305697016
6476,0.6858452333877612
2594,0.6917156193019766
9226,0.2889045527603285
824,0.8098605751867036
7201,0.5189399209199649
776,0.7952008017384581
2600,0.7696660642069183
978,0.33713403860724894
2121,0.29879250739860724
238,0.6309817181512002
4899,0.8303782448039869
2881,0.6546114019929857
465,0.6720283999678558
6084,0.7812451837088722
9324,0.5416038751848432
9646,0.6896357379900891
2543,0.44101512290004735
178,0.712002613804206
9173,0.659910575222481
4365,0.7449670186298304
8367,0.8235772577379862
3114,0.7056213952365563
8535,0.8102201567014107
1490,0.683065822252928
4431,0.6631760030037052
5755,0.636651501437213
9959,0.6778881927878038
7415,0.6359200964034762
1255,0.736397111707077
734,0.47356154525459804
5997,0.7693388180932935
9168,0.6107256846898997
7748,0.7769845134817656
9386,0.8061209905218775
1148,0.708405268884075
769,0.5930575733580333
2718,0.7874285746833184
2301,0.6501318916091924
6172,0.5331075405012878
1476,0.6405944917292693
1929,0.6455644451515173
1884,0.6895451362305763
859,0.6995979102347754
779,0.4846369083983669
936,0.7780538691882142
3436,0.5613258012119441
5880,0.5513790134598544
8748,0.44798039849584415
9510,0.7040581215472784
3095,0.580277828484963
8626,0.25547326196003667
4531,0.7299774948971102
7424,0.863970031101111
3447,0.7918937478807765
10009,0.784621305214408
6224,0.629210280965644
2664,0.7276316549098297
8915,0.7601462949752591
6885,0.7103437504193716
5747,0.7643484981261119
3411,0.7464775414505752
379,0.4224654351106982
2437,0.7394030351799143
9947,0.766552747034416
6124,0.7507007165493415
6875,0.6847154377898056
2570,0.7742315113263345
5069,0.6581795591515351
4522,0.7244668249042806
5027,0.7973014701815077
8628,0.7831214785644428
360,0.5696219586924234
25,0.7829801668105582
4073,0.7681814196938634
6163,0.6473554971684911
3348,0.8318647026332425
3885,0.6786563654368241
8478,0.6064151462420218
8533,0.8615653617813516
6033,0.6992799103592434
8939,0.8357031952996273
9209,0.5195183260244528
2714,0.6700382946946624
2632,0.45115822103830644
6781,0.7374101295242577
8507,0.6962646434192461
7392,0.690098589714927
2673,0.607547172089873
4692,0.2917866499697714
6579,0.719620567562477
391,0.8217550060660952
6031,0.7660576483926288
7150,0.5202168614822847
2841,0.725360955717323
5040,0.696674364572906
2926,0.7885480902345319
9116,0.6924374311203018
3879,0.6023374870657877
7358,0.8229596186098244
1882,0.6715643603338951
8006,0.7521428970050751
5173,0.5804049597266122
3795,0.6891159283527347
2939,0.65548479918454
4627,0.6033625499222538
5118,0.5455778801555703
9710,0.6570680581677982
2728,0.3209981411935114
3347,0.8119071103237387
6702,0.7131281651680994
3886,0.678747282844459
2334,0.35306589007663103
3524,0.7536926483636099
9531,0.6906947860967813
8195,0.7304227768237951
1676,0.8026112423130923
3675,0.8340696266477864
5403,0.6429298058101658
6328,0.6033927135990292
6977,0.6552768591786591
2987,0.4509990255785805
6774,0.7626435927162681
5025,0.8315825227940462
2639,0.5792747693469744
4906,0.7352071693182783
177,0.7660349928455542
8934,0.8162977409945468
1306,0.6327235861900373
3235,0.8225446565941859
5151,0.7813432395216605
6467,0.7371776627367935
6313,0.8331264800489127
6418,0.7058661907291488
189,0.8231645759375836
8816,0.6167449912823312
9110,0.5556442198865179
6258,0.6031301484608437
1603,0.7017019352004689
7510,0.7499246390977802
5780,0.7380575750641133
4483,0.6657387685065635
8664,0.7613367077930864
4804,0.7437054961386922
1677,0.7872580774973642
5495,0.736798868700783
1819,0.6478536722624405
9147,0.3101051229447888
5694,0.6097222044424521
2900,0.6328594079729158
9150,0.5050291194915832
8440,0.6036729595563424
77,0.7228366880594045
1448,0.25875220303976604
2893,0.6164620740364136
8297,0.6936025339460613
7924,0.7446017877573597
6834,0.6370999147059883
9781,0.552133514592538
2652,0.6118656338583959
9418,0.6511670871113814
3154,0.4454692642835239
580,0.5424524075583389
6909,0.7531905869964334
8039,0.8283253060558676
6131,0.2451095212522285
8159,0.6632170155111393
6525,0.695347452919386
911,0.6707696723917166
7174,0.6644058207648466
3834,0.4889165240479521
5096,0.8115857524647607
3614,0.8438840507829565
9094,0.5262644026810296
3291,0.7095653089449523
7667,0.7436130674672846
5473,0.7079382273566549
4083,0.6209926431549667
7045,0.62085756240923
5644,0.791459354292232
3089,0.2420348962303536
4297,0.3832839287940011
886,0.7358215239823807
4012,0.8335828752081222
9865,0.6856992723752094
8193,0.4422304367548304
4961,0.652398421608329
604,0.47984981271880506
5408,0.5564284253635333
4517,0.4423557686999471
158,0.6526335362025891
8961,0.7568314871671687
4687,0.6043726658020486
1549,0.6683174682658541
8609,0.7048179798816764
6123,0.769490839657383
1733,0.6228665007763285
6360,0.7978612127872693
3528,0.4604505725448818
895,0.5199297920753236
8822,0.7491427991637153
2988,0.8314406306652765
7848,0.6764423245779518
227,0.5300805575167559
7642,0.6731646332461896
2356,0.7108982453452571
3993,0.7852296729109018
1988,0.7438223654304407
2392,0.72809754941837
6978,0.7054915326727045
1544,0.7498775602528364
7430,0.7313033397319821
8695,0.6539986164240545
3433,0.6733795808245308
9002,0.544093606144135
7754,0.7204650669418156
3128,0.7610614290069332
6465,0.6692780135195671
3284,0.8277858509966757
2333,0.8272354287466449
7826,0.5916711050373041
5705,0.28352728892584117
4811,0.4725692422614182
3502,0.668900346875084
4880,0.5858734439816343
6601,0.8148241655533986
7544,0.6082286452772615
4628,0.33094286138185275
4989,0.5955295580618009
2730,0.6146735168429104
8048,0.6595467318259235
1660,0.7997593865863726
698,0.2610683289007305
2066,0.6763652137791496
251,0.7052127972619565
3827,0.5453703404877537
8425,0.7553839312112643
9595,0.5381125600398858
2173,0.6389289144229163
3611,0.7702264796571247
9712,0.7446099768818765
6078,0.705117238073599
2734,0.7997590448729293
9571,0.5131490975408147
4412,0.5501560496171387
6726,0.30507777660918833
2741,0.6609776007926801
57,0.6897538564400817
2531,0.6436160202832781
9346,0.6700593255482646
10047,0.7390511146529994
8355,0.5927900387208835
1349,0.7849571750821308
9339,0.7533704900333408
3907,0.5920803587472016
10006,0.7401474343795972
4256,0.7396243942792188
10117,0.5697753491244867
2454,0.6295061352976257
1754,0.7242356823932008
3042,0.5645824660434123
6709,0.818827729794963
5200,0.5841707953213052
3260,0.5621098863570402
4465,0.8538346484140172
2703,0.8252917664722684
464,0.7930146994311856
750,0.7674913410133629
672,0.7020032968181922
9671,0.6729763918216838
2004,0.6849943288479715
8720,0.7296846281855366
6442,0.6864564734470666
6904,0.6550155531326487
6739,0.5715005983875954
3632,0.7835103025250091
6385,0.39781477444059044
3213,0.7220304505629932
3004,0.625971301585145
1743,0.7856139214078711
9141,0.6380072798782509
1994,0.3889197853534605
290,0.6572830018179472
3152,0.6411040056367772
8662,0.5119369693026746
2326,0.7309763040140305
4670,0.8299794232680936
5086,0.6322007998554167
2729,0.8020838948040323
3823,0.6744124322956546
5843,0.7796854321202585
5020,0.5701079882049751
5093,0.7660043989273763
1963,0.6620329753311956
4647,0.5664388525339962
5924,0.7921781812025596
5683,0.6329978880510416
3385,0.6389147271421988
3660,0.8132399323550908
1724,0.6466516150287606
7917,0.7940009354291427
3570,0.6997907133812399
7879,0.6347853879780473
1192,0.6125342841199819
8008,0.6734656271506495
3399,0.6376901718536877
3628,0.7078952302576401
782,0.7350763619392828
8944,0.7524617517304067
1049,0.35470073321706524
8088,0.7347786663829119
5682,0.3624885570131606
4113,0.5283476005410274
6725,0.7156258080281398
4586,0.6966588231240812
4414,0.8450987699665179
4546,0.7331255004046886
6721,0.568914499760691
493,0.6436762350935864
7470,0.6601228034123401
8881,0.6802862787113148
2496,0.7982623254671922
8860,0.6807374136025706
3987,0.6944512068303962
2953,0.622714785417001
432,0.7112074745198061
1952,0.7236506290988417
8670,0.793131421605649
7195,0.7420679495893947
5835,0.725663871161232
9639,0.8146867570549247
6590,0.3333566517541458
4869,0.8335603836367804
7621,0.721329740466422
10036,0.6453087225330174
5358,0.6409026181590892
5383,0.7983014490499573
6778,0.7396782618899348
1332,0.6742957185426244
9076,0.8027818935083495
9739,0.7630300832681781
5126,0.5372188218759701
7529,0.8176797333549054
5589,0.32433466203824396
3546,0.6953752365676014
8719,0.7098913599376805
1373,0.6669391327912114
6047,0.7278141581708821
3270,0.7922287757368851
3822,0.3902203660805652
9310,0.7922706513061928
4861,0.7824489544265756
903,0.7521042402729138
3135,0.7038866801805415
6677,0.5449022544092867
9666,0.8284063462349384
5689,0.43171863732996335
1938,0.6393453499571186
4886,0.7821039187071152
6882,0.7573648732072288
9529,0.28962055088286115
3806,0.4832464818951619
2470,0.617086605804355
5425,0.7312543642272917
945,0.6437340294563211
2576,0.7554492451196411
9685,0.2325485335702259
1800,0.44242971498553646
8016,0.5049340091055038
9263,0.6922614745659151
2086,0.7028674291717562
2696,0.7171915128668086
1927,0.8023325716314936
6746,0.6219134566596315
6294,0.7244084463638819
1375,0.6545943677333853
8992,0.7028572749116654
1897,0.7403601470882625
9949,0.644782976240251
4377,0.7166355601797458
7085,0.2996457437903868
3056,0.7335361875214071
6347,0.2504701949316978
1244,0.7571551274968954
7159,0.5904269029463481
5946,0.7353147368300328
8302,0.7670740873933665
5956,0.5008872193744048
3796,0.7300112419746481
4949,0.35643350743943475
404,0.7014077449455841
9265,0.5995968570913383
6652,0.5926618372553015
4963,0.8255071406619812
4097,0.5339785995489651
3259,0.30293581459309227
1411,0.5685090677274894
7329,0.6915350912415311
5012,0.6533890919604742
8453,0.6811967086555524
8536,0.5068739268391843
8398,0.7190299860084486
2408,0.641852926506797
10067,0.825263183361444
3358,0.6620902345789969
7214,0.4930459637048605
9620,0.6332830306747096
8,0.26658661132095784
5249,0.8265257244467015
7792,0.6747464701134556
4435,0.7150518724233232
4291,0.7130374288095424
7898,0.7373527510014449
4981,0.680383983906835
3861,0.26875998739246953
3133,0.811747184299156
329,0.7851725396007669
3340,0.6617154066046329
1785,0.5488223949003309
7290,0.7468677354228089
260,0.8037989592965191
1403,0.6646252921822972
5146,0.7771653897224824
1889,0.7441090622206863
2455,0.7059968809607842
9352,0.6521403919500608
4259,0.7422602176099393
6353,0.6686663701397556
5222,0.7382392212034734
3226,0.8014874041100649
6232,0.5085699246094256
4209,0.7659587191839458
8291,0.5073996366637005
7104,0.7779564410475267
5528,0.7577257911750862
1664,0.27336255166297246
3811,0.8305320821698815
3848,0.7284104902133158
4694,0.7741729672525391
2163,0.7740981315947538
3866,0.679997374243673
872,0.673297989231817
4451,0.7856388542565348
8661,0.7942078623341166
8600,0.7243374815702507
5322,0.6512703328797135
1534,0.33966846790565947
8412,0.7209112313938214
2709,0.7835447810120438
9442,0.6409598069634601
9136,0.7024651931100387
7525,0.8196600366286849
3398,0.35042631652530726
10037,0.7826702728683563
7420,0.5612303872039611
7536,0.7218729275742751
5115,0.8247081720537928
788,0.7644008773245085
8646,0.46397157480444534
5067,0.6493868189047669
7436,0.6580577147009407
5002,0.820780877409712
2391,0.6456584536146177
529,0.7304081056322338
6130,0.4530173961771071
1183,0.7277258397509453
2116,0.4715918423699366
6586,0.7494183640159772
9629,0.6693379331091808
4808,0.701565049817177
5137,0.6961884125077309
7970,0.6856129214078236
3113,0.6867005423269886
6351,0.7855648636232302
3001,0.6893825623957816
4027,0.44597889202369273
9087,0.6460833117090076
5063,0.4661780668918505
5402,0.7161378693945498
9019,0.5916297087614297
9678,0.7919382456264256
367,0.44718707145841585
4107,0.7255810030979998
4967,0.7135370940972557
1336,0.7356313367261649
1513,0.6555775444504002
1482,0.7112394172830214
10002,0.6808656761670365
2074,0.5344051652743963
9122,0.7656257161752927
1787,0.7786844277967037
4681,0.5997476827094211
6985,0.5219022166469702
4399,0.764194647931392
9353,0.5565162693415552
3635,0.581971919103275
2423,0.7298619526917928
7341,0.48481406371439056
7627,0.597639277828852
10087,0.6493101434727966
3518,0.37265058993778327
8556,0.47126659557340284
7832,0.6068451749881436
7916,0.5965744954263371
1535,0.6920039691935811
3406,0.7216385019057713
297,0.746911155321328
2860,0.7261009656539749
8107,0.6560086136770561
6864,0.5511855296583722
9241,0.6417764944564036
1507,0.6209780190969111
5272,0.6130372548505179
9452,0.2959060390878574
3244,0.7581945023809289
7937,0.5883579793999215
4078,0.2497999116228898
3018,0.525990996626151
208,0.6202145837320657
2039,0.5685090801780901
6647,0.6968951580943985
5185,0.7208045314394248
2739,0.7806622998014711
5701,0.7480410845057266
3021,0.8877289734138286
6936,0.7165759706312578
3082,0.7033075450523008
5024,0.5704557010956882
4846,0.677830081085697
6955,0.8303298864686908
1894,0.6506732051822824
7665,0.7680934465102119
4566,0.7868160883437302
4480,0.5793367487113205
9608,0.7032446680601089
6341,0.6854814156512342
3182,0.6247313068319084
3684,0.5603037759805972
1587,0.8049662746141274
4632,0.5962010402764958
4452,0.6405021432265465
9347,0.701899028708573
6984,0.6454627961414778
8059,0.761291886687988
6965,0.8374364542847322
6006,0.6061493350247895
1075,0.7610366960890165
7294,0.65823670275863
182,0.7227932733003964
9450,0.6573624110453751
6243,0.8273624051849922
786,0.641712461524173
6260,0.7514036382953745
4379,0.6882770894957969
9626,0.7079546477784961
9604,0.7304243621229963
8493,0.7051332407852479
9476,0.8421164301383782
5702,0.7882728897898535
2055,0.8510241673616704
7160,0.7747279190697905
3162,0.7633693807065572
3471,0.6844275548673845
6819,0.5849904331972035
2272,0.6476292877304166
1423,0.8286887480720487
1498,0.6019484661186881
267,0.7493515099646068
9543,0.6401027837866088
7579,0.6150593122362215
9314,0.5632617440887574
6183,0.7067386695856325
8066,0.5017449651146014
9479,0.6810159018804267
37,0.7595901139335135
10060,0.6601140909781678
2585,0.7302241268675173
7589,0.7200620295427758
5037,0.5870964085000097
7004,0.6732724394388705
9097,0.7542239777678409
8654,0.2537062455442395
4037,0.7855749609574038
1450,0.8485365712332221
9237,0.6658285518891108
8718,0.3131731166079814
2812,0.27161793200810025
7474,0.7050595521790487
8779,0.5960671527040403
8265,0.6166051598341729
1269,0.6359811484807539
6933,0.6952273341214151
8344,0.7807345945251237
3872,0.6029746421927968
5359,0.7369526715745902
7783,0.7219078906685436
8096,0.6656094776688364
364,0.7109006839642832
8236,0.7213492807282519
9582,0.7662783080880274
3254,0.8028463688313776
1443,0.6787148992452746
4319,0.8337187331160623
8783,0.6295010155752712
1725,0.7579374875043343
4401,0.7623990911614015
7822,0.7103993226678559
7074,0.776370327517638
1314,0.6461142562777185
9195,0.6620256645458257
10070,0.5197825117223324
4976,0.7033159812787021
149,0.7002408684573806
7407,0.5466582846836866
2318,0.7583591375847271
643,0.6231731470219478
5660,0.5977563973436595
3845,0.6407149689034135
5264,0.6247295272605794
8825,0.7456656213147093
2412,0.43558729726203604
3266,0.683488860662487
6833,0.7298655456795102
9718,0.6927846832895771
6309,0.6074464650320711
3012,0.6539896229510764
2704,0.5910830967576037
9050,0.8114681902545738
3350,0.7955311595181446
2640,0.8061118540348238
6244,0.6687779312954136
1499,0.49533337581692677
4358,0.6568982672337627
2064,0.6176619003316913
9,0.6824575301485636
6641,0.7671958196153316
5119,0.6341664120433479
4672,0.8150858495790824
7798,0.6954626841569675
4089,0.7164540752255456
1454,0.4953513740657707
7825,0.639560024041418
1948,0.6240767348721569
3647,0.8548732482348805
5104,0.5099807090574289
3669,0.4967202431773983
2833,0.8583202337700347
5629,0.6523883976481301
1236,0.6745544277651963
2838,0.29362557209417356
551,0.5886873649763245
9702,0.7514996021244528
8940,0.7034374060905075
5064,0.6320479970377443
8431,0.7564782820402197
6414,0.5515768601897696
7330,0.5983202820690985
165,0.7191342308698526
6205,0.7456406822102921
64,0.6790842522062875
6749,0.6887507897647698
1564,0.6814303935216577
4711,0.6459706208973944
4676,0.7656077974176276
6492,0.8230569870063439
2936,0.7300004976579976
5661,0.7789343856473133
8415,0.7275133994891757
7347,0.6812181960179927
5648,0.25759389689490214
586,0.7285331978217467
5229,0.5922599398237485
8981,0.7556105148473247
8977,0.5324027650195643
3091,0.7215832815214398
7941,0.8281678423973077
4977,0.673578122181986
1808,0.8308295507474962
10042,0.6424833282586847
1042,0.8078320769699855
9931,0.5811845646112602
90,0.6358970118674662
5460,0.8141513145532838
1752,0.316214357115385
4345,0.7232134093369709
9193,0.8288602252029693
4429,0.6489914787636281
3101,0.6565486391047534
8984,0.610620041222531
1195,0.8038050167774881
9706,0.6842683488739896
7543,0.8071290315354003
2591,0.29187626305025954
1807,0.7666338946157971
7894,0.48209219535685993
9196,0.4980214015365818
3479,0.5519915382186983
2215,0.7638274367603932
2973,0.6582766100015411
8022,0.7053175138404789
9719,0.4876362674151138
7576,0.7778291939715322
6235,0.7771152597215422
3968,0.8212917575189532
4859,0.762098863593096
3396,0.6545100579088912
6924,0.6925634642461391
4338,0.6807572088625434
5962,0.5714526199756147
865,0.27026767088161585
572,0.6703174340331924
2529,0.6871488775868162
5893,0.6270038123024753
6908,0.8325934921879763
3404,0.6467619229592378
7422,0.6453162290184263
3554,0.24913958821257073
4594,0.675357700529398
8228,0.70533341877747
5756,0.6274016327839007
8591,0.2807963152181098
3055,0.65273276444716
634,0.7801431599278931
1493,0.6219053178087822
1576,0.4816049229834551
9833,0.5350884209147816
5878,0.4399086546999613
7639,0.7596659379453067
2971,0.7236700053545014
497,0.21490016022564626
8111,0.8286332085872748
9549,0.8319691798986925
7027,0.5379055831670856
9360,0.6231677721721423
7699,0.28945274690148387
2858,0.662434928299325
7967,0.5506053004770937
2517,0.7230910273262389
9982,0.7553277933113871
6267,0.28499169225439475
7108,0.5899192622284316
1953,0.5384426423820884
640,0.7465523703962703
4257,0.5012825177530611
2386,0.7684290190325865
3787,0.6997698906945157
5231,0.7521647477075355
1770,0.63649296209957
6628,0.5661290480605089
4031,0.6560345005772682
3239,0.6704425854244729
9649,0.5390502867564576
9818,0.49449610468895216
2676,0.5368183756621702
8781,0.4326413676605037
8982,0.7789348923945599
907,0.7142163696093315
4459,0.678114656573991
4958,0.6964461289243807
3041,0.6817759729985594
444,0.6546185047109186
8545,0.5987064711257735
680,0.7068086262210014
3329,0.6391258706238906
6014,0.6344586634128192
7211,0.7722379512555317
1595,0.707299514178584
1912,0.6249783497298681
6189,0.5216454470291465
5273,0.7955247555959714
7049,0.6764540396776485
6401,0.7182775242815332
5052,0.6734717419209973
4537,0.828599032101987
6337,0.43069110940749705
1776,0.7254584510436013
9795,0.37457038810162974
869,0.8302978185485829
1217,0.6270541984711101
4612,0.6413440278533623
9757,0.805906314610657
6501,0.6347925750616087
9298,0.7349594452298813
207,0.7369832884696764
6543,0.7797124273691683
2771,0.7495039291986939
753,0.8333937392628634
1730,0.2877911846173229
7053,0.6184503315341094
5127,0.6527922948446531
3212,0.8641154659215203
421,0.5375693108874738
8772,0.6560305896068502
4005,0.7593263420886617
7381,0.7475140852879553
4179,0.6665312358914637
4528,0.7391063350087649
8025,0.7512152724450022
1842,0.8439388099280881
6808,0.6493692364432541
4779,0.6330170961957209
3505,0.7905550602729458
3468,0.7088734163255154
3726,0.822251910686341
110,0.7609432983451142
8031,0.7783184104477802
